observation_date,CUUR0000SETD
1947-03-01,17.000
1947-04-01,
1947-05-01,
1947-06-01,17.000
1947-07-01,
1947-08-01,
1947-09-01,17.200
1947-10-01,
1947-11-01,17.500
1947-12-01,17.500
1948-01-01,
1948-02-01,
1948-03-01,17.700
1948-04-01,
1948-05-01,
1948-06-01,18.000
1948-07-01,
1948-08-01,
1948-09-01,18.500
1948-10-01,
1948-11-01,
1948-12-01,18.600
1949-01-01,
1949-02-01,
1949-03-01,18.500
1949-04-01,
1949-05-01,
1949-06-01,18.500
1949-07-01,
1949-08-01,
1949-09-01,18.600
1949-10-01,
1949-11-01,
1949-12-01,18.600
1950-01-01,
1950-02-01,
1950-03-01,18.500
1950-04-01,
1950-05-01,
1950-06-01,18.400
1950-07-01,
1950-08-01,
1950-09-01,19.600
1950-10-01,
1950-11-01,
1950-12-01,19.500
1951-01-01,
1951-02-01,
1951-03-01,20.300
1951-04-01,
1951-05-01,
1951-06-01,20.400
1951-07-01,
1951-08-01,
1951-09-01,20.600
1951-10-01,
1951-11-01,
1951-12-01,20.500
1952-01-01,
1952-02-01,
1952-03-01,20.600
1952-04-01,
1952-05-01,
1952-06-01,21.000
1952-07-01,
1952-08-01,
1952-09-01,21.000
1952-10-01,
1952-11-01,
1952-12-01,21.100
1953-01-01,
1953-02-01,
1953-03-01,21.700
1953-04-01,
1953-05-01,
1953-06-01,22.000
1953-07-01,
1953-08-01,
1953-09-01,22.200
1953-10-01,
1953-11-01,
1953-12-01,22.400
1954-01-01,
1954-02-01,
1954-03-01,22.700
1954-04-01,
1954-05-01,
1954-06-01,22.500
1954-07-01,
1954-08-01,
1954-09-01,22.900
1954-10-01,
1954-11-01,
1954-12-01,23.100
1955-01-01,
1955-02-01,
1955-03-01,23.000
1955-04-01,
1955-05-01,
1955-06-01,23.100
1955-07-01,
1955-08-01,
1955-09-01,23.400
1955-10-01,
1955-11-01,
1955-12-01,23.600
1956-01-01,
1956-02-01,
1956-03-01,23.900
1956-04-01,
1956-05-01,
1956-06-01,24.100
1956-07-01,
1956-08-01,
1956-09-01,24.400
1956-10-01,
1956-11-01,
1956-12-01,24.600
1957-01-01,
1957-02-01,
1957-03-01,24.800
1957-04-01,
1957-05-01,
1957-06-01,25.000
1957-07-01,
1957-08-01,
1957-09-01,25.200
1957-10-01,
1957-11-01,
1957-12-01,25.500
1958-01-01,
1958-02-01,
1958-03-01,25.300
1958-04-01,
1958-05-01,
1958-06-01,25.400
1958-07-01,
1958-08-01,
1958-09-01,25.500
1958-10-01,
1958-11-01,
1958-12-01,25.600
1959-01-01,
1959-02-01,
1959-03-01,25.700
1959-04-01,
1959-05-01,
1959-06-01,25.900
1959-07-01,
1959-08-01,
1959-09-01,26.200
1959-10-01,
1959-11-01,
1959-12-01,26.300
1960-01-01,
1960-02-01,
1960-03-01,26.300
1960-04-01,
1960-05-01,
1960-06-01,26.300
1960-07-01,
1960-08-01,
1960-09-01,26.600
1960-10-01,
1960-11-01,
1960-12-01,26.800
1961-01-01,
1961-02-01,
1961-03-01,26.900
1961-04-01,
1961-05-01,
1961-06-01,27.300
1961-07-01,
1961-08-01,
1961-09-01,27.300
1961-10-01,
1961-11-01,
1961-12-01,27.300
1962-01-01,
1962-02-01,
1962-03-01,27.300
1962-04-01,
1962-05-01,
1962-06-01,27.400
1962-07-01,
1962-08-01,
1962-09-01,27.500
1962-10-01,
1962-11-01,
1962-12-01,27.600
1963-01-01,
1963-02-01,
1963-03-01,27.700
1963-04-01,
1963-05-01,
1963-06-01,27.700
1963-07-01,
1963-08-01,
1963-09-01,28.000
1963-10-01,
1963-11-01,
1963-12-01,28.100
1964-01-01,
1964-02-01,
1964-03-01,
1964-04-01,
1964-05-01,
1964-06-01,28.200
1964-07-01,
1964-08-01,
1964-09-01,
1964-10-01,
1964-11-01,
1964-12-01,28.300
1965-01-01,
1965-02-01,
1965-03-01,
1965-04-01,
1965-05-01,
1965-06-01,28.700
1965-07-01,
1965-08-01,
1965-09-01,
1965-10-01,
1965-11-01,
1965-12-01,29.000
1966-01-01,
1966-02-01,
1966-03-01,29.000
1966-04-01,
1966-05-01,
1966-06-01,29.100
1966-07-01,
1966-08-01,
1966-09-01,29.400
1966-10-01,
1966-11-01,
1966-12-01,29.700
1967-01-01,29.800
1967-02-01,30.000
1967-03-01,30.100
1967-04-01,30.200
1967-05-01,30.300
1967-06-01,30.300
1967-07-01,30.400
1967-08-01,30.500
1967-09-01,30.600
1967-10-01,30.800
1967-11-01,30.800
1967-12-01,30.900
1968-01-01,31.100
1968-02-01,31.500
1968-03-01,31.700
1968-04-01,31.800
1968-05-01,31.800
1968-06-01,31.900
1968-07-01,32.000
1968-08-01,32.100
1968-09-01,32.400
1968-10-01,32.500
1968-11-01,32.700
1968-12-01,32.800
1969-01-01,33.200
1969-02-01,33.400
1969-03-01,33.600
1969-04-01,33.700
1969-05-01,33.900
1969-06-01,34.000
1969-07-01,34.100
1969-08-01,34.300
1969-09-01,34.500
1969-10-01,34.700
1969-11-01,34.800
1969-12-01,35.000
1970-01-01,35.500
1970-02-01,35.700
1970-03-01,36.100
1970-04-01,36.200
1970-05-01,36.400
1970-06-01,36.600
1970-07-01,36.800
1970-08-01,36.900
1970-09-01,37.100
1970-10-01,37.300
1970-11-01,37.400
1970-12-01,37.600
1971-01-01,37.800
1971-02-01,38.200
1971-03-01,38.600
1971-04-01,38.900
1971-05-01,39.000
1971-06-01,39.300
1971-07-01,39.600
1971-08-01,39.800
1971-09-01,39.900
1971-10-01,39.900
1971-11-01,40.000
1971-12-01,40.100
1972-01-01,40.400
1972-02-01,40.600
1972-03-01,40.700
1972-04-01,40.800
1972-05-01,40.900
1972-06-01,41.000
1972-07-01,41.100
1972-08-01,41.200
1972-09-01,41.400
1972-10-01,41.400
1972-11-01,41.500
1972-12-01,41.600
1973-01-01,42.100
1973-02-01,42.300
1973-03-01,42.600
1973-04-01,42.800
1973-05-01,43.000
1973-06-01,43.200
1973-07-01,43.300
1973-08-01,43.400
1973-09-01,43.700
1973-10-01,43.900
1973-11-01,44.000
1973-12-01,44.300
1974-01-01,44.800
1974-02-01,45.200
1974-03-01,45.700
1974-04-01,46.100
1974-05-01,46.500
1974-06-01,46.900
1974-07-01,47.700
1974-08-01,48.300
1974-09-01,49.400
1974-10-01,50.000
1974-11-01,50.400
1974-12-01,50.700
1975-01-01,51.700
1975-02-01,52.200
1975-03-01,52.800
1975-04-01,53.100
1975-05-01,53.300
1975-06-01,53.500
1975-07-01,53.800
1975-08-01,54.100
1975-09-01,54.300
1975-10-01,54.500
1975-11-01,55.100
1975-12-01,55.500
1976-01-01,56.200
1976-02-01,56.400
1976-03-01,56.700
1976-04-01,56.900
1976-05-01,57.200
1976-06-01,57.400
1976-07-01,57.700
1976-08-01,58.100
1976-09-01,58.300
1976-10-01,58.600
1976-11-01,58.900
1976-12-01,59.100
1977-01-01,59.700
1977-02-01,60.300
1977-03-01,60.900
1977-04-01,61.200
1977-05-01,61.500
1977-06-01,61.700
1977-07-01,62.000
1977-08-01,62.400
1977-09-01,62.800
1977-10-01,63.100
1977-11-01,63.400
1977-12-01,63.900
1978-01-01,64.400
1978-02-01,65.100
1978-03-01,65.400
1978-04-01,65.700
1978-05-01,66.200
1978-06-01,66.700
1978-07-01,67.100
1978-08-01,67.600
1978-09-01,68.200
1978-10-01,68.800
1978-11-01,69.300
1978-12-01,69.700
1979-01-01,70.300
1979-02-01,71.100
1979-03-01,71.800
1979-04-01,72.400
1979-05-01,73.000
1979-06-01,73.500
1979-07-01,74.100
1979-08-01,74.700
1979-09-01,75.100
1979-10-01,75.700
1979-11-01,76.200
1979-12-01,76.800
1980-01-01,77.500
1980-02-01,78.500
1980-03-01,79.300
1980-04-01,80.300
1980-05-01,80.900
1980-06-01,81.200
1980-07-01,81.700
1980-08-01,82.400
1980-09-01,83.200
1980-10-01,83.900
1980-11-01,84.600
1980-12-01,85.100
1981-01-01,85.900
1981-02-01,86.700
1981-03-01,87.400
1981-04-01,87.800
1981-05-01,88.400
1981-06-01,88.700
1981-07-01,89.200
1981-08-01,89.800
1981-09-01,90.800
1981-10-01,91.600
1981-11-01,92.000
1981-12-01,92.400
1982-01-01,92.800
1982-02-01,93.500
1982-03-01,94.300
1982-04-01,94.800
1982-05-01,95.300
1982-06-01,96.000
1982-07-01,96.600
1982-08-01,97.000
1982-09-01,97.400
1982-10-01,97.800
1982-11-01,97.900
1982-12-01,98.200
1983-01-01,98.600
1983-02-01,99.000
1983-03-01,99.200
1983-04-01,99.500
1983-05-01,99.900
1983-06-01,100.100
1983-07-01,100.200
1983-08-01,100.600
1983-09-01,101.000
1983-10-01,101.300
1983-11-01,101.900
1983-12-01,101.900
1984-01-01,102.100
1984-02-01,102.500
1984-03-01,102.800
1984-04-01,103.000
1984-05-01,103.400
1984-06-01,103.500
1984-07-01,103.800
1984-08-01,104.100
1984-09-01,104.600
1984-10-01,104.900
1984-11-01,105.100
1984-12-01,105.200
1985-01-01,105.400
1985-02-01,105.800
1985-03-01,105.900
1985-04-01,105.800
1985-05-01,106.200
1985-06-01,106.500
1985-07-01,106.700
1985-08-01,106.900
1985-09-01,107.400
1985-10-01,108.100
1985-11-01,108.100
1985-12-01,108.600
1986-01-01,108.800
1986-02-01,109.100
1986-03-01,109.200
1986-04-01,109.600
1986-05-01,109.800
1986-06-01,110.000
1986-07-01,110.400
1986-08-01,110.700
1986-09-01,110.900
1986-10-01,111.100
1986-11-01,111.900
1986-12-01,112.600
1987-01-01,112.800
1987-02-01,113.300
1987-03-01,113.300
1987-04-01,114.300
1987-05-01,114.300
1987-06-01,114.400
1987-07-01,114.500
1987-08-01,115.100
1987-09-01,115.700
1987-10-01,116.100
1987-11-01,116.500
1987-12-01,116.900
1988-01-01,117.200
1988-02-01,117.700
1988-03-01,118.500
1988-04-01,118.800
1988-05-01,119.300
1988-06-01,119.700
1988-07-01,120.000
1988-08-01,120.300
1988-09-01,120.900
1988-10-01,121.100
1988-11-01,121.500
1988-12-01,121.500
1989-01-01,122.400
1989-02-01,123.300
1989-03-01,123.500
1989-04-01,123.800
1989-05-01,124.300
1989-06-01,124.500
1989-07-01,124.800
1989-08-01,125.400
1989-09-01,126.200
1989-10-01,126.700
1989-11-01,126.700
1989-12-01,126.900
1990-01-01,127.300
1990-02-01,127.600
1990-03-01,128.800
1990-04-01,129.400
1990-05-01,129.400
1990-06-01,129.600
1990-07-01,130.200
1990-08-01,130.400
1990-09-01,131.500
1990-10-01,132.100
1990-11-01,132.500
1990-12-01,132.500
1991-01-01,133.100
1991-02-01,133.500
1991-03-01,134.100
1991-04-01,134.400
1991-05-01,134.700
1991-06-01,135.600
1991-07-01,136.400
1991-08-01,136.900
1991-09-01,137.800
1991-10-01,138.400
1991-11-01,138.500
1991-12-01,138.400
1992-01-01,139.000
1992-02-01,139.700
1992-03-01,140.300
1992-04-01,140.500
1992-05-01,140.800
1992-06-01,141.200
1992-07-01,141.400
1992-08-01,141.600
1992-09-01,142.200
1992-10-01,142.500
1992-11-01,142.800
1992-12-01,143.200
1993-01-01,143.400
1993-02-01,144.300
1993-03-01,144.700
1993-04-01,145.200
1993-05-01,145.400
1993-06-01,145.800
1993-07-01,146.200
1993-08-01,146.200
1993-09-01,146.800
1993-10-01,147.100
1993-11-01,147.400
1993-12-01,147.700
1994-01-01,148.100
1994-02-01,148.600
1994-03-01,149.000
1994-04-01,149.400
1994-05-01,149.700
1994-06-01,149.800
1994-07-01,150.000
1994-08-01,150.700
1994-09-01,151.200
1994-10-01,151.700
1994-11-01,151.800
1994-12-01,151.900
1995-01-01,152.000
1995-02-01,152.500
1995-03-01,152.700
1995-04-01,153.200
1995-05-01,153.800
1995-06-01,153.600
1995-07-01,154.000
1995-08-01,154.500
1995-09-01,155.100
1995-10-01,155.400
1995-11-01,155.700
1995-12-01,155.700
1996-01-01,156.200
1996-02-01,156.600
1996-03-01,156.900
1996-04-01,157.200
1996-05-01,157.500
1996-06-01,157.700
1996-07-01,158.100
1996-08-01,158.600
1996-09-01,160.000
1996-10-01,160.500
1996-11-01,160.500
1996-12-01,160.600
1997-01-01,161.100
1997-02-01,161.200
1997-03-01,161.500
1997-04-01,161.900
1997-05-01,162.200
1997-06-01,162.600
1997-07-01,162.900
1997-08-01,163.300
1997-09-01,163.500
1997-10-01,163.900
1997-11-01,164.000
1997-12-01,164.700
1998-01-01,165.000
1998-02-01,165.500
1998-03-01,165.700
1998-04-01,165.700
1998-05-01,165.900
1998-06-01,166.500
1998-07-01,166.800
1998-08-01,167.300
1998-09-01,168.300
1998-10-01,169.000
1998-11-01,169.500
1998-12-01,169.600
1999-01-01,169.800
1999-02-01,170.400
1999-03-01,170.600
1999-04-01,170.900
1999-05-01,171.300
1999-06-01,171.700
1999-07-01,172.100
1999-08-01,172.100
1999-09-01,172.800
1999-10-01,173.200
1999-11-01,173.600
1999-12-01,173.800
2000-01-01,174.600
2000-02-01,175.200
2000-03-01,175.700
2000-04-01,175.900
2000-05-01,176.300
2000-06-01,176.800
2000-07-01,177.200
2000-08-01,178.200
2000-09-01,178.700
2000-10-01,179.400
2000-11-01,179.900
2000-12-01,179.900
2001-01-01,180.600
2001-02-01,181.500
2001-03-01,181.700
2001-04-01,181.900
2001-05-01,182.500
2001-06-01,182.700
2001-07-01,183.400
2001-08-01,184.000
2001-09-01,185.100
2001-10-01,186.000
2001-11-01,186.400
2001-12-01,186.400
2002-01-01,187.100
2002-02-01,188.000
2002-03-01,188.500
2002-04-01,189.000
2002-05-01,189.900
2002-06-01,190.000
2002-07-01,189.800
2002-08-01,191.000
2002-09-01,191.400
2002-10-01,191.800
2002-11-01,192.800
2002-12-01,193.300
2003-01-01,193.700
2003-02-01,194.500
2003-03-01,194.300
2003-04-01,194.600
2003-05-01,194.900
2003-06-01,195.100
2003-07-01,196.000
2003-08-01,195.700
2003-09-01,196.200
2003-10-01,196.900
2003-11-01,197.200
2003-12-01,198.000
2004-01-01,198.200
2004-02-01,198.200
2004-03-01,198.500
2004-04-01,198.600
2004-05-01,199.000
2004-06-01,199.700
2004-07-01,200.300
2004-08-01,200.800
2004-09-01,200.700
2004-10-01,201.700
2004-11-01,202.900
2004-12-01,203.300
2005-01-01,204.000
2005-02-01,203.900
2005-03-01,204.700
2005-04-01,205.000
2005-05-01,205.600
2005-06-01,206.100
2005-07-01,206.700
2005-08-01,207.300
2005-09-01,208.700
2005-10-01,209.800
2005-11-01,210.500
2005-12-01,210.700
2006-01-01,211.200
2006-02-01,212.900
2006-03-01,213.400
2006-04-01,213.900
2006-05-01,214.900
2006-06-01,215.500
2006-07-01,216.700
2006-08-01,216.200
2006-09-01,217.000
2006-10-01,218.500
2006-11-01,218.500
2006-12-01,218.800
2007-01-01,219.262
2007-02-01,220.530
2007-03-01,221.160
2007-04-01,221.508
2007-05-01,221.999
2007-06-01,222.553
2007-07-01,223.487
2007-08-01,224.019
2007-09-01,224.302
2007-10-01,224.939
2007-11-01,225.672
2007-12-01,226.120
2008-01-01,227.732
2008-02-01,228.731
2008-03-01,229.765
2008-04-01,230.528
2008-05-01,231.730
2008-06-01,233.162
2008-07-01,234.788
2008-08-01,236.125
2008-09-01,237.121
2008-10-01,238.227
2008-11-01,239.048
2008-12-01,239.356
2009-01-01,241.076
2009-02-01,241.689
2009-03-01,242.118
2009-04-01,242.649
2009-05-01,242.488
2009-06-01,242.683
2009-07-01,243.031
2009-08-01,243.494
2009-09-01,244.493
2009-10-01,245.393
2009-11-01,245.511
2009-12-01,245.417
2010-01-01,245.567
2010-02-01,245.969
2010-03-01,246.624
2010-04-01,247.355
2010-05-01,247.311
2010-06-01,247.635
2010-07-01,247.536
2010-08-01,248.390
2010-09-01,249.231
2010-10-01,249.824
2010-11-01,249.872
2010-12-01,250.134
2011-01-01,250.726
2011-02-01,250.851
2011-03-01,250.820
2011-04-01,251.458
2011-05-01,252.376
2011-06-01,252.529
2011-07-01,252.769
2011-08-01,253.337
2011-09-01,255.244
2011-10-01,255.774
2011-11-01,255.663
2011-12-01,255.644
2012-01-01,256.405
2012-02-01,256.968
2012-03-01,256.616
2012-04-01,256.544
2012-05-01,257.372
2012-06-01,257.629
2012-07-01,257.423
2012-08-01,257.641
2012-09-01,258.024
2012-10-01,258.578
2012-11-01,258.943
2012-12-01,258.845
2013-01-01,259.752
2013-02-01,260.234
2013-03-01,260.156
2013-04-01,260.341
2013-05-01,261.065
2013-06-01,261.360
2013-07-01,262.229
2013-08-01,262.497
2013-09-01,262.960
2013-10-01,263.085
2013-11-01,262.934
2013-12-01,263.081
2014-01-01,263.718
2014-02-01,264.523
2014-03-01,264.146
2014-04-01,264.508
2014-05-01,265.013
2014-06-01,265.656
2014-07-01,266.282
2014-08-01,266.129
2014-09-01,267.256
2014-10-01,268.094
2014-11-01,268.389
2014-12-01,268.588
2015-01-01,268.869
2015-02-01,269.136
2015-03-01,268.907
2015-04-01,269.948
2015-05-01,270.764
2015-06-01,270.981
2015-07-01,271.175
2015-08-01,270.838
2015-09-01,271.119
2015-10-01,271.804
2015-11-01,272.090
2015-12-01,272.967
2016-01-01,273.097
2016-02-01,273.072
2016-03-01,273.980
2016-04-01,274.864
2016-05-01,275.331
2016-06-01,275.563
2016-07-01,276.058
2016-08-01,275.923
2016-09-01,275.331
2016-10-01,275.645
2016-11-01,277.348
2016-12-01,278.002
2017-01-01,279.523
2017-02-01,279.782
2017-03-01,279.600
2017-04-01,280.170
2017-05-01,280.388
2017-06-01,279.294
2017-07-01,279.605
2017-08-01,280.488
2017-09-01,282.203
2017-10-01,283.257
2017-11-01,282.502
2017-12-01,283.107
2018-01-01,283.305
2018-02-01,284.032
2018-03-01,283.656
2018-04-01,284.367
2018-05-01,284.851
2018-06-01,285.753
2018-07-01,286.067
2018-08-01,286.931
2018-09-01,288.457
2018-10-01,289.057
2018-11-01,290.114
2018-12-01,289.705
2019-01-01,290.758
2019-02-01,291.993
2019-03-01,294.226
2019-04-01,295.266
2019-05-01,294.586
2019-06-01,295.670
2019-07-01,295.377
2019-08-01,297.884
2019-09-01,298.441
2019-10-01,298.925
2019-11-01,299.260
2019-12-01,299.614
2020-01-01,300.112
2020-02-01,302.220
2020-03-01,304.131
2020-04-01,304.376
2020-05-01,305.574
2020-06-01,305.736
2020-07-01,305.573
2020-08-01,307.554
2020-09-01,308.198
2020-10-01,308.569
2020-11-01,309.949
2020-12-01,309.888
2021-01-01,310.662
2021-02-01,311.627
2021-03-01,314.660
2021-04-01,315.177
2021-05-01,314.164
2021-06-01,315.209
2021-07-01,318.031
2021-08-01,320.504
2021-09-01,320.446
2021-10-01,325.095
2021-11-01,325.076
2021-12-01,324.688
2022-01-01,325.448
2022-02-01,331.130
2022-03-01,329.992
2022-04-01,331.735
2022-05-01,333.258
2022-06-01,340.058
2022-07-01,343.678
2022-08-01,349.539
2022-09-01,356.076
2022-10-01,358.597
2022-11-01,363.195
2022-12-01,366.960
2023-01-01,371.780
2023-02-01,372.572
2023-03-01,373.865
2023-04-01,375.890
2023-05-01,378.182
2023-06-01,383.196
2023-07-01,387.159
2023-08-01,391.395
2023-09-01,392.222
2023-10-01,392.861
2023-11-01,393.924
2023-12-01,392.897
2024-01-01,396.004
2024-02-01,397.541
2024-03-01,404.475
2024-04-01,404.380
2024-05-01,405.487
2024-06-01,406.321
2024-07-01,405.109
2024-08-01,407.374
2024-09-01,411.276
2024-10-01,415.598
2024-11-01,416.418
2024-12-01,417.312
2025-01-01,419.417
2025-02-01,420.480
2025-03-01,424.012
